﻿<?xml version="1.0" encoding="utf-8"?>
<abapGit version="v1.0.0" serializer="LCL_OBJECT_CLAS" serializer_version="v1.0.0">
 <asx:abap xmlns:asx="http://www.sap.com/abapxml" version="1.0">
  <asx:values>
   <VSEOCLASS>
    <CLSNAME>ZCLSALES_ORDER_CREATE</CLSNAME>
    <LANGU>E</LANGU>
    <DESCRIPT>Cloud Compatible Generated Class</DESCRIPT>
    <STATE>1</STATE>
    <CLSCCINCL>X</CLSCCINCL>
    <UNICODE>X</UNICODE>
   </VSEOCLASS>
   <DESCRIPTIONS>
    <SEOCOMPOTX>
     <CLSNAME>ZCLSALES_ORDER_CREATE</CLSNAME>
     <CMPNAME>CREATE_SALESORDER</CMPNAME>
     <LANGU>E</LANGU>
     <DESCRIPT>Create Sales Order</DESCRIPT>
    </SEOCOMPOTX>
   </DESCRIPTIONS>
  </asx:values>
 </asx:abap>
</abapGit>
